{
  "results": {
    "Random Forest": {
      "accuracy": 0.9995065731505305,
      "precision": 0.958904109589041,
      "recall": 0.7368421052631579,
      "f1": 0.8333333333333334,
      "auc_pr": 0.8094756275281101
    },
    "XGBoost": {
      "accuracy": 0.9995065731505305,
      "precision": 0.9240506329113924,
      "recall": 0.7684210526315789,
      "f1": 0.8390804597701149,
      "auc_pr": 0.8252469298915365
    }
  },
  "best_model": "XGBoost",
  "top_shap_features": [
    "V14",
    "V4",
    "V12",
    "V11",
    "V10",
    "V3",
    "V8",
    "V26",
    "V19",
    "Amount"
  ],
  "features_used": [
    "V1",
    "V2",
    "V3",
    "V4",
    "V5",
    "V6",
    "V7",
    "V8",
    "V9",
    "V10",
    "V11",
    "V12",
    "V13",
    "V14",
    "V15",
    "V16",
    "V17",
    "V18",
    "V19",
    "V20",
    "V21",
    "V22",
    "V23",
    "V24",
    "V25",
    "V26",
    "V27",
    "V28",
    "Amount",
    "Hour_sin",
    "Hour_cos",
    "Amount_log"
  ],
  "train_rows": 226980,
  "test_rows": 56746
}